Bankrupt?,ROA(C) before interest and depreciation before interest,ROA(A) before interest and % after tax,ROA(B) before interest and depreciation after tax,Operating Gross Margin,Realized Sales Gross Margin,Operating Profit Rate,Pre-tax net Interest Rate,After-tax net Interest Rate,Non-industry income and expenditure/revenue,Continuous interest rate (after tax),Operating Expense Rate
1,0.3705942573,0.4243894461,0.4057497725,0.6014572133,0.6014572133,0.9989692032,0.7968871459,0.8088093609,0.3026464339,0.7809848502,0.0001256968689
1,0.4642909375,0.53821413,0.5167300177,0.6102350855,0.6102350855,0.9989459782,0.7973801913,0.8093007257,0.3035564303,0.7815059743,0.0002897850537
1,0.4260712719,0.4990187527,0.4722950907,0.6014500065,0.601363525,0.9988573535,0.7964033693,0.8083875215,0.3020351773,0.7802839362,0.0002361297206
1,0.3998440014,0.4512647187,0.4577332834,0.5835411292,0.5835411292,0.9986997471,0.7969669683,0.8089655977,0.303349536,0.7812409912,0.0001078888488
1,0.4650221811,0.5384321849,0.5222977675,0.5987834936,0.5987834936,0.9989731318,0.7973660806,0.8093037202,0.3034749778,0.7815500446,7890000000
1,0.388680349,0.4151766245,0.4191337866,0.5901713775,0.5902506522,0.9987580984,0.7969031934,0.8087705621,0.3031158132,0.7810690609,0.0001571499952
1,0.4161263589,0.4702354993,0.4637828578,0.599115006,0.599115006,0.9989725541,0.7972408824,0.8091758664,0.3032576904,0.7814285005,8480000000
1,0.4621947058,0.5360335805,0.5144279672,0.5999870278,0.5999870278,0.9989088875,0.7972905467,0.8092226073,0.3034773947,0.7813677284,0.0001624692739
1,0.453029786,0.5165721762,0.5055945179,0.5969457617,0.5969529685,0.9989399697,0.7970841427,0.8090395498,0.303051763,0.7812770615,8270000000
1,0.4720908692,0.5388137811,0.517051234,0.5973925828,0.5973925828,0.9989604216,0.7973659422,0.8092903099,0.3035013229,0.7815157989,693000000
1,0.06693316433,0.0571849106,0.05482092189,0.6018607936,0.6018607936,0.9988247692,0.7967792403,0.8087166604,0.3027597907,0.7809266044,0.0002766024934
1,0.4066689416,0.4672917575,0.4534503988,0.5959944652,0.5959944652,0.9988307776,0.7971905265,0.8091284746,0.3034660349,0.7813531318,0.0001765769262
1,0.4327499634,0.4927496729,0.4820921891,0.6040156243,0.6040156243,0.9988954841,0.7972899933,0.8092219563,0.303504465,0.7814762199,0.0002405239073
1,0.5043630868,0.5622546882,0.5553295144,0.604858819,0.604858819,0.9990597922,0.7974380176,0.8093472061,0.3034191453,0.781607729,8960000000
1,0.4706771316,0.5369058003,0.5238503132,0.5976520273,0.5976520273,0.9990096447,0.7973861399,0.8093132246,0.3034334055,0.7815671675,2420000000
1,0.4701408863,0.5203881378,0.5220300873,0.5973061013,0.5973997896,0.9989036879,0.797310606,0.8092371894,0.3035233175,0.7814880094,0.0001261594149
1,0.4561010091,0.5207152202,0.5108945875,0.5976304069,0.5978177835,0.9989376588,0.7973330172,0.8092709105,0.3034914133,0.7815355884,9890000000
1,0.4543460245,0.5137919756,0.5060228064,0.597522305,0.597522305,0.9988994127,0.7972374239,0.8090636363,0.3034046434,0.7814242899,0.000132519422
1,0.4681421538,0.5494439599,0.5176401306,0.602055377,0.6022499604,0.9989844554,0.7974057843,0.8093742872,0.3035209006,0.7813607108,0.000123152866
1,0.4653146785,0.5265481901,0.5112158038,0.6047507171,0.6047507171,0.999004214,0.7971060005,0.8090455389,0.3029555668,0.7812885703,0.0001436205254
1,0.4472285867,0.5016354121,0.4926387922,0.5935009153,0.5934792949,0.99890623,0.7971392022,0.809089806,0.3032185352,0.7813278686,6070000000
1,0.456344757,0.5039249891,0.4985277584,0.5944738321,0.5944738321,0.9988694859,0.7971202495,0.8090623343,0.3032622827,0.7812871668,0.0001134394005
1,0.3457807244,0.3931530746,0.3865838642,0.5866184292,0.5866184292,0.9987048311,0.7958453038,0.8078624356,0.3013792065,0.7800070232,0.000152177626
1,0.4694583922,0.539249891,0.5269018684,0.6020914109,0.6020769974,0.9990014409,0.7973868316,0.8093654337,0.3034517747,0.7816099746,0.0001032633891
1,0.4408423926,0.4699629307,0.4885165159,0.591641563,0.591641563,0.9987902205,0.7970434706,0.808979659,0.3032939453,0.7812132017,0.0001472052567
1,0.3701067616,0.3971870911,0.4041436908,0.6023508554,0.6023508554,0.9987642224,0.796961573,0.8089087015,0.3032054835,0.7811564998,0.0003451749343
1,0.4381124165,0.4959114697,0.4879811553,0.5950936162,0.5950936162,0.9988136766,0.7969881344,0.8089379959,0.3031482008,0.7812150262,0.0001791209291
1,0.5063618193,0.5656890536,0.5619144494,0.6002176451,0.6002176451,0.9990614099,0.7974421678,0.8094119142,0.3034232542,0.7816251325,1340000000
1,0.4539560279,0.5160815526,0.5017399218,0.6651508381,0.6651508381,0.9962947471,0.7767100507,0.7615503275,0.272988769,0.759283462,0.00382421449
1,0.311314776,0.2796554732,0.3608865571,0.5982934317,0.5982934317,0.9985105963,0.7961860364,0.8082344094,0.3023805651,0.7807176215,0.0005338936924
1,0.4468873397,0.5252398604,0.4999196959,0.6002536791,0.6002536791,0.9989631947,0.7973013372,0.8092434388,0.3033826488,0.7814515181,0.0001123986721
1,0.4101789109,0.4578608809,0.4514695648,0.585724787,0.585724787,0.9987284028,0.7970217511,0.8089705452,0.3033853075,0.7812043595,0.000114248856
1,0.4479598304,0.5450283471,0.4917822153,0.5944233846,0.5944233846,0.9989002215,0.7973970688,0.809321427,0.303681872,0.7814148864,8190000000
1,0.3923853166,0.4326210205,0.4514695648,0.555939117,0.555939117,0.9982910565,0.7962730525,0.808448584,0.302992305,0.7807880778,7400000000
1,0.4013552381,0.4552987353,0.4457947428,0.5991726603,0.5996627221,0.9988723746,0.7969204859,0.8088650853,0.302907227,0.7811000786,0.0001938067638
1,0.4913957003,0.5353249019,0.5334868034,0.6072226466,0.6071145447,0.9990312521,0.7973676023,0.8092771599,0.3033563036,0.7815343253,0.0001544903559
1,0.4011602398,0.45638901,0.4490069062,0.5945675204,0.5951873045,0.9989426273,0.7970664351,0.809017286,0.3030155081,0.7812802896,5170000000
1,0.4801832984,0.5450283471,0.5313453611,0.6009022903,0.6009022903,0.9990352962,0.7974169898,0.8093304107,0.3034338889,0.7816019746,506000000
1,0.498513138,0.5744657654,0.5481021468,0.6093846841,0.6097378169,0.9989988988,0.7975936506,0.8093504611,0.3038186736,0.7816739748,0.0002288446214
1,0.4697996393,0.5355429568,0.5213341185,0.5993095894,0.5993095894,0.999001672,0.7973826814,0.8093030692,0.3034440403,0.7815604306,586000000
1,0.4060351972,0.4459223724,0.4451523101,0.5957998818,0.5957998818,0.9987452727,0.7968546359,0.8087661354,0.3030580471,0.7809821835,0.0002590257463
1,0.4640471896,0.5272568687,0.5175330585,0.6107107338,0.6105954251,0.9989767138,0.7973479579,0.8092801545,0.3034358225,0.7815309569,0.0002649232075
1,0.4757958368,0.4970562582,0.5265806521,0.5950503755,0.5950503755,0.9988818495,0.7971046171,0.8090934515,0.3032093507,0.7814456233,0.0001103172152
1,0.4338712036,0.4437418229,0.4695647519,0.5953674743,0.5954035083,0.9989187091,0.7971647952,0.8091030861,0.303237146,0.7813739038,7910000000
1,0.477599571,0.5484627126,0.5309706087,0.5989636634,0.5989636634,0.9989998232,0.7974013574,0.8093252028,0.3034810202,0.781524641,550000000
1,0.3908253303,0.4898059311,0.4356764281,0.5963403912,0.5963403912,0.9989502535,0.7967418884,0.8087015575,0.3024322887,0.7804282172,6260000000
1,0.4333837079,0.4863715656,0.482038653,0.6044047911,0.6044047911,0.9989021858,0.7970330951,0.8089753625,0.3030416116,0.7812527807,0.0002400613613
1,0.4801345488,0.5488443088,0.5325766904,0.6024445437,0.6024445437,0.9990047917,0.7974234918,0.8093427794,0.3035090573,0.7815941149,0.0001059230284
1,0.4318237215,0.4676188399,0.4743294609,0.5909425042,0.5909425042,0.9985885906,0.7966417299,0.8085385504,0.3030138162,0.7807855515,0.0003378898352
1,0.4336762053,0.4905691234,0.4831093742,0.5903515473,0.5903515473,0.9986840326,0.7970920281,0.8090357741,0.3036009029,0.7813093423,0.0002328918987
1,0.4411836396,0.4980920192,0.488677124,0.5950071347,0.5950071347,0.9989086565,0.797122878,0.8090484032,0.3031849391,0.7812859036,8270000000
1,0.4938819285,0.5505342346,0.5469778896,0.6033165655,0.6033165655,0.9990510106,0.7974102112,0.8093237706,0.3033891746,0.7815826061,737000000
1,0.4882757276,0.5656890536,0.5543123294,0.6016662102,0.6016662102,0.9990517039,0.7974158831,0.809391343,0.3033976341,0.7816523607,4650000000
1,0.360795593,0.4004034017,0.3980941164,0.5970250364,0.5970250364,0.9988042018,0.79670841,0.8086513013,0.3026793049,0.7808505341,0.0002197093384
1,0.4849607566,0.5467727867,0.538786873,0.600325747,0.600325747,0.999022586,0.7973824047,0.8093068449,0.3034000511,0.7815642201,5410000000
1,0.4600984741,0.5158634976,0.5121259168,0.5939405296,0.5939405296,0.9989262196,0.7972554082,0.8091895371,0.3033797484,0.7814428163,4810000000
1,0.5123580169,0.5623092019,0.5649660046,0.6019040344,0.6018607936,0.9990418824,0.7974432745,0.8093555388,0.3034660349,0.7816384659,5940000000
1,0.4204650709,0.4747601396,0.4696182879,0.5956413324,0.5956413324,0.9989628481,0.7971069689,0.8090542621,0.3030437869,0.7812934826,3870000000
1,0.5058743236,0.5613824684,0.5614861609,0.5998717191,0.5998717191,0.9990444244,0.7974168515,0.8093393943,0.303414553,0.7816071676,2500000000
1,0.463657193,0.5079044919,0.5051662295,0.5955620577,0.5955620577,0.9989158204,0.7971692221,0.8091084242,0.3032506812,0.7813386757,8440000000
1,0.4686296495,0.516408635,0.5227795921,0.5980051601,0.5980051601,0.9989346546,0.7972822462,0.8092189617,0.303408994,0.7814699041,0.0001048823
1,0.487885731,0.5454099433,0.5405535628,0.6131898701,0.6131898701,0.9990892568,0.7974417528,0.8093518932,0.3033642797,0.7816255536,0.0001938067638
1,0.4997806269,0.547972089,0.5557578029,0.5984303608,0.5984303608,0.999021315,0.7974009423,0.8093265047,0.3034350974,0.78160015,2500000000
1,0.4587334861,0.5027802006,0.502810643,0.6098459188,0.6098459188,0.9990469665,0.7971004669,0.8090407216,0.3028564702,0.7813131317,0.0001824743874
1,0.3704967582,0.4104884431,0.4163499117,0.5951584773,0.5953530607,0.9988793075,0.7966947143,0.8086749972,0.3024980308,0.7809934116,0.0001177179508
1,0.443084873,0.5233318796,0.5048450131,0.5988988022,0.5988988022,0.9989599594,0.7973056258,0.8092595833,0.303396909,0.7815038691,9400000000
1,0.4435236192,0.490242041,0.4964398522,0.5841609132,0.5843266695,0.9985337057,0.796773015,0.8087653542,0.3033579955,0.7809753063,0.0002866628684
1,0.4989031346,0.5666703009,0.5599871513,0.6031508093,0.6031508093,0.9990194662,0.7974475631,0.8093874371,0.3035204172,0.7816249922,0.0001025695701
1,0.02427728757,0,0.03351357139,0.5913244642,0.5913244642,0.9940148848,0.7915025199,0.8037752804,0.3036021114,0.7756015384,0.004921257908
1,0.4592209818,0.5206607065,0.5111087317,0.5943945574,0.5943945574,0.9988528471,0.7972592817,0.8091929223,0.3035399948,0.7814506759,0.0001288190542
1,0.4113001511,0.4754688181,0.4560736656,0.5936882918,0.5936882918,0.9988717969,0.797057028,0.8090270508,0.3031469923,0.7812362193,9860000000
1,0.4914931994,0.5148277366,0.5319877938,0.5937675666,0.5937675666,0.9988877424,0.7972540248,0.8091882352,0.3034578171,0.7814216232,8370000000
1,0.4797445522,0.5450283471,0.5300604957,0.6190201646,0.6182346243,0.9990876391,0.7974298555,0.8093341864,0.3033468773,0.7815788166,0.0002763712204
1,0.4165163555,0.4779764501,0.4741688527,0.6169806426,0.6169806426,0.9989029946,0.7966581924,0.8087183529,0.3023849157,0.7809271659,0.0004409219513
1,0.471310876,0.5358700392,0.5244392098,0.6153086669,0.6153086669,0.999023857,0.7973570884,0.8092852322,0.3033531615,0.7815390972,0.0002932541485
1,0.4804270463,0.5122110772,0.5285614862,0.5995041727,0.5995041727,0.9989930059,0.7973148946,0.8092301587,0.3033437352,0.7814794479,7050000000
1,0.4384536635,0.4723070214,0.4851972804,0.5908560227,0.5908560227,0.9987322158,0.7969784506,0.8089753625,0.3033016796,0.781208149,0.0001927660353
1,0.432116219,0.4800479721,0.4724021629,0.5909425042,0.5909425042,0.9988310087,0.796994083,0.808919638,0.303122339,0.78117657,9530000000
1,0.5060205723,0.5711404274,0.5646447883,0.604995748,0.604995748,0.9990548237,0.7974821482,0.8094099612,0.303506882,0.781675659,968000000
1,0.3697655146,0.3874836459,0.412923604,0.5329062108,0.5329062108,0.9947285045,0.7923974444,0.8046175271,0.3036729292,0.7766536112,0.003269737502
1,0.4484473261,0.4636938509,0.4860003212,0.5940270111,0.5940270111,0.9988865869,0.7971784909,0.8090741823,0.3033282665,0.7813136931,8930000000
1,0.2019694828,0.2007195813,0.2286524975,0.590913677,0.590913677,0.9986253347,0.7968461971,0.8088044134,0.303294187,0.7810647101,0.0003006548842
1,0.3779554429,0.3665503707,0.4306440388,0.5932775047,0.5936162239,0.9988570068,0.795971747,0.8080470554,0.3012818018,0.7808182533,0.0001120517626
1,0.2703651343,0.1832206716,0.2913967557,0.6042750688,0.6042750688,0.9980925464,0.7955290575,0.8075010077,0.302107687,0.780269901,0.001048244817
1,0.4341149515,0.4625490624,0.4800578189,0.6230127272,0.6230127272,0.9986326141,0.7968742802,0.8088059757,0.3033280248,0.7810335521,0.0008084147289
1,0.3871691123,0.4317488007,0.431821832,0.6041669669,0.6042606552,0.9982919809,0.7961806411,0.8081758206,0.3028286749,0.7803715153,0.0008483093193
1,0.4352361917,0.4988552115,0.485786177,0.5965565949,0.5965782153,0.998961346,0.7973143412,0.8092512507,0.3034092357,0.7815045708,5530000000
1,0.4685321503,0.5202791103,0.519888645,0.6013563182,0.6013563182,0.9989605372,0.7972821079,0.8092080252,0.3033548534,0.781453483,0.000132750695
1,0.3567006289,0.3975141736,0.3985759409,0.6222127733,0.6222127733,0.9984833271,0.7962170246,0.8082122758,0.30249223,0.7804025329,0.0009449814282
1,0.2803100473,0.2896314871,0.3013544622,0.5887804667,0.5887804667,0.9984136521,0.796716157,0.8086454424,0.3035097824,0.7808499727,0.0004782725388
1,0.4759908351,0.4911142608,0.5283473419,0.5909280906,0.5909280906,0.9988546959,0.7972331354,0.8091645392,0.3034904465,0.7814110969,7150000000
1,0.4438161166,0.4426515482,0.4926923283,0.5981709163,0.5981709163,0.9988934042,0.7971125025,0.8090506166,0.3031984742,0.7813885003,0.0001487085312
1,0.4487885731,0.5080680331,0.4997055517,0.6020986177,0.6020986177,0.9989418185,0.797297187,0.8092288567,0.3034201121,0.7814781848,0.0001633943659
1,0.2077219324,0.2368621893,0.2372718026,0.5993600369,0.5993600369,0.9988340129,0.7966458801,0.8086212257,0.3025076987,0.7808304639,0.0002274569835
1,0.4621459562,0.5245311819,0.5110551957,0.5988988022,0.5988988022,0.9989926593,0.7973698157,0.8093021578,0.3034406565,0.7815452727,6110000000
1,0.4147126213,0.471761884,0.4622838482,0.5937387394,0.5937675666,0.9989061144,0.7972709023,0.8092041192,0.3034488743,0.7814541847,6550000000
1,0.519767952,0.5380505887,0.5580598533,0.6225947333,0.6225947333,0.9990659162,0.7974295788,0.8093276765,0.3033918333,0.781586957,0.0003679553236
1,0.3927753132,0.4322394243,0.4329460892,0.5869211145,0.5869211145,0.998775546,0.7971264749,0.8090681932,0.3034699021,0.7813250616,8640000000
1,0.2777263199,0.3147078064,0.3073505006,0.5966214561,0.5966502832,0.9989756738,0.7971764158,0.8091132415,0.3031382912,0.7813604301,4210000000
1,0.310973529,0.3535761012,0.3432196584,0.6035327693,0.6035039421,0.9989504845,0.7962787245,0.8082393569,0.3016225973,0.7804294804,0.0001772707452
1,0.4070589382,0.4626580898,0.4607848386,0.587353522,0.587353522,0.9986987071,0.7969521659,0.8089445057,0.3033258495,0.7811653419,0.0001701012825
1,0.4310437284,0.4459768862,0.4802184271,0.5786477176,0.5786477176,0.9984961529,0.7967457619,0.8087098901,0.3033889329,0.7809535519,0.0002331231717
1,0.2338517038,0.3318251199,0.3334225601,0.6271061849,0.6271061849,0.998808477,0.7971520679,0.8091486552,0.3034454905,0.781393974,0.0006980975137
1,0.5769512017,0.5828608809,0.6190909578,0.6036985255,0.6036985255,0.9990381849,0.7974518516,0.8093522838,0.3034889963,0.7816200799,9270000000
1,0.2081606786,0.1608700392,0.2267251994,0.5976087865,0.5976087865,0.9984812473,0.7963844166,0.8083538004,0.3027887945,0.7807403584,0.0005522798949
1,0.4987081363,0.5399585696,0.5545264736,0.6095216132,0.6095216132,0.9990281323,0.7973864166,0.809312834,0.3033954588,0.7816061851,0.0001961194937
1,0.4482035782,0.5083951156,0.4942448739,0.5993672437,0.5993672437,0.9989650435,0.7973248551,0.8092444804,0.3034198704,0.7814919392,9640000000
1,0.491200702,0.5420846053,0.5496011564,0.5908271955,0.5908271955,0.9987442327,0.7973909818,0.8093356186,0.3039972891,0.7815833079,0.0001801616575
1,0.3486081997,0.334932403,0.3459499973,0.602747229,0.602747229,0.9987448105,0.7970808225,0.8089652071,0.30345395,0.781202535,0.0003709618725
1,0.4387949105,0.09016572176,0.4645858986,0.5407760273,0.5407760273,0.9977892349,0.7907868847,0.8029674059,0.294456708,0.7801051287,0.000332917466
1,0.4768195778,0.5220780637,0.5304887842,0.6069271682,0.6069271682,0.9990111468,0.7973536299,0.8092819772,0.3033737059,0.7815376937,0.0001714889205
1,0.4396236533,0.4857719145,0.4923711119,0.5946684155,0.5946684155,0.9988111346,0.7971956451,0.8091429265,0.3035160666,0.7813879389,0.0001749580153
1,0.3849753815,0.4270606193,0.4570908507,0.5936450511,0.5936450511,0.9977828798,0.7940589134,0.806762919,0.3001866641,0.7794256884,0.001187586792
1,0.4667284161,0.4900784998,0.5010974892,0.6078496375,0.6078496375,0.998854927,0.7971957834,0.8091085544,0.3034247044,0.7813541143,0.0003426309314
1,0.497489397,0.5321085914,0.5522779592,0.6019616887,0.6019616887,0.998987113,0.7973706458,0.8092939554,0.3034537083,0.7815476586,0.0001158677669
1,0.367084288,0.3981138247,0.3895283473,0.5989132158,0.5989132158,0.9989851487,0.796948984,0.8088307132,0.3027208772,0.7810554469,6880000000
1,0.4436698679,0.5200610554,0.4975641094,0.5992014875,0.5991294196,0.9989479425,0.7972774043,0.8092287265,0.3033727391,0.7814273776,0.0001096233962
1,0.3865841174,0.4639664195,0.4525938219,0.5988195275,0.5988195275,0.9989261041,0.7972475228,0.8092094573,0.3033659715,0.7814595181,0.0001263906878
1,0.4175400965,0.470726123,0.4608919107,0.6008518428,0.6008518428,0.9989347701,0.7971600916,0.8090856396,0.3031950904,0.7813266055,0.0001503274421
1,0.4664359187,0.5353794156,0.5190320681,0.6047146831,0.6047146831,0.9990179641,0.7973985906,0.8093236404,0.3034377561,0.7815775535,0.0001291659637
1,0.4579047433,0.5556040122,0.5118047005,0.5986033238,0.5986033238,0.9989293394,0.797620627,0.8095591674,0.3040113076,0.7815284305,0.0001197994077
1,0.417491347,0.4779764501,0.4620697039,0.5939621499,0.5992807622,0.9985057433,0.7942231235,0.8062240321,0.298961734,0.7783847033,0.0005547082613
1,0.4351386925,0.4886611426,0.4798436747,0.6038786953,0.6038786953,0.9988130989,0.7966342595,0.8085888066,0.3025311435,0.7809014816,0.0003206599976
1,0.4466435919,0.5119385085,0.4948873066,0.6019472751,0.6019472751,0.9986441689,0.7965625991,0.8084297054,0.3027593073,0.7806259721,0.0004588456078
1,0.5005118705,0.5522786742,0.5488516516,0.6015653152,0.6015653152,0.9990365672,0.7973883534,0.8093241612,0.3033811986,0.7815861149,6000000000
1,0.4579047433,0.5257304841,0.5103056909,0.60222834,0.60222834,0.9988630153,0.7970589647,0.8090270508,0.3031689869,0.7813447108,0.0002444555481
1,0.4506410569,0.5298735281,0.4970287489,0.6034607014,0.6034607014,0.9988984883,0.7972025621,0.809139281,0.3033456688,0.7811800788,0.0002287289849
1,0.4944181738,0.5678150894,0.5499759088,0.6114386198,0.6114386198,0.9991709487,0.7976232555,0.8095369037,0.3035105075,0.7818125014,8410000000
1,0.4704821333,0.5311273441,0.5235290968,0.6033814267,0.6033814267,0.9989774071,0.7972974637,0.8092291171,0.3033461522,0.7815280095,0.0001484772582
1,0.4662409204,0.5258395116,0.5174795225,0.6104152553,0.6104152553,0.999087408,0.7973371674,0.8092585417,0.3031854225,0.7815654833,0.0001511368975
1,0.4668259153,0.5388682948,0.5195138926,0.6034895285,0.6034895285,0.9990380693,0.7973375824,0.8092668744,0.303289353,0.7814894129,8950000000
1,0.3536781553,0.4019843,0.393918304,0.5863733983,0.5863733983,0.9986917743,0.7960950084,0.8080861146,0.301842785,0.7803082169,0.0001614285455
1,0.4899332131,0.5628543393,0.5377696879,0.6041381398,0.6041381398,0.9990179641,0.7976117732,0.809480398,0.3038104558,0.7817007818,0.0001199150442
1,0.3837566421,0.4390536415,0.4282884523,0.6319923896,0.6319923896,0.998130677,0.7572159424,0.7715069093,0.2350896546,0.7427040517,0.00145482273
1,0.4392336567,0.5044156127,0.486749826,0.6167500252,0.6167500252,0.9982577789,0.7954904605,0.8073661233,0.3016943819,0.7794087059,0.001083167038
1,0.4126163896,0.4222088966,0.453557471,0.5983582929,0.5983582929,0.998916167,0.7968312563,0.8087835818,0.3026597273,0.7812146052,0.0001289346907
1,0.4499585629,0.5450828609,0.5008298089,0.5985024287,0.5985024287,0.9983071176,0.7976682161,0.8095660679,0.3053960007,0.7796252678,0.0007408830165
1,0.3401745235,0.3756541648,0.3644199368,0.6264143329,0.6264143329,0.9977628902,0.7962128744,0.8080794745,0.30399173,0.780196778,0.001733391044
1,0.3929703115,0.4308765809,0.4370148295,0.6015220744,0.6015220744,0.9988276578,0.7969709802,0.8089165133,0.3030889846,0.7811463945,0.0002685079389
1,0.4924194413,0.5528238116,0.540714171,0.6003834013,0.6003834013,0.9990350651,0.7974789664,0.8093771515,0.3035426535,0.7816363606,4260000000
1,0.2405791449,0.2044810292,0.2634509342,0.5960088788,0.5960088788,0.9988196851,0.7964488833,0.808409655,0.3021934901,0.7808019726,0.0001879093026
1,0.4592209818,0.5240405582,0.5122329889,0.5946540019,0.5946540019,0.9989316503,0.7973363374,0.8092688273,0.3035097824,0.7815278691,5400000000
1,0.2475015844,0.2920846053,0.2750147224,0.5368122919,0.5368122919,0.9979035111,0.7961121626,0.8081121541,0.3035213839,0.7802261114,0.0001549529018
1,0.4546385219,0.5189162669,0.5078965683,0.5925207916,0.5925207916,0.9989229843,0.7973407642,0.8092737748,0.3035356442,0.7815305358,2870000000
1,0.4591234827,0.5268752726,0.5110551957,0.6128511509,0.6128511509,0.9988692548,0.7971393405,0.8090803016,0.3032961206,0.7813645003,0.000408543733
1,0.3750304685,0.4342019189,0.4116387387,0.5807016532,0.5807016532,0.9985056277,0.7967573825,0.8087208267,0.3033891746,0.780792148,0.00025659738
1,0.3937015551,0.4223724379,0.4501311633,0.587353522,0.587353522,0.9988374794,0.7972341037,0.8091808139,0.3035281515,0.7814262548,3120000000
1,0.3615268366,0.4083078936,0.4020557846,0.6020337566,0.6020337566,0.9989957791,0.7963164914,0.8082905244,0.3015938351,0.7804665331,0.0001084670313
1,0.4040364647,0.2236153511,0.4300551421,0.5866112224,0.5866112224,0.9985679077,0.7961791194,0.8081535568,0.3022488392,0.781061482,0.0002890912348
1,0.4736508556,0.5156999564,0.5156592965,0.5781648626,0.5781648626,0.9986477508,0.7958787822,0.8078939433,0.3015568552,0.7800165671,737000000
1,0.4820845318,0.548789795,0.5362706783,0.6431052624,0.6431052624,0.9991127129,0.7973889067,0.8093151776,0.3032231275,0.7815065357,0.0006503396417
1,0.4414761371,0.5116659398,0.4916751432,0.5920883841,0.5920883841,0.9988508828,0.7971841628,0.8091224855,0.3034128611,0.7812513772,9380000000
1,0.4469360893,0.5150457915,0.4976711815,0.5997419969,0.5997419969,0.9989373122,0.7970422255,0.808988903,0.3029838456,0.7811751665,0.0001300910556
1,0.4474723346,0.5109027475,0.4992772632,0.6043975843,0.6043975843,0.9988348218,0.7970506643,0.8090056985,0.3032132178,0.7812386052,0.0003073618008
1,0.428118754,0.4697448757,0.4681728144,0.5971259315,0.5971979994,0.9988459143,0.7969669683,0.8088640438,0.3030435452,0.7810860434,0.00018073984
1,0.4705308829,0.5648168338,0.5257240752,0.6091180328,0.6093846841,0.9989504845,0.7977610426,0.8096913177,0.3042124011,0.7816405712,0.0002716301242
1,0.3257933993,0.3626798953,0.3594410836,0.5952305453,0.5952305453,0.9987487391,0.7969232527,0.8088645646,0.3031706788,0.7810877277,0.0002464213685
1,0.495539414,0.5459005669,0.5476738583,0.6197696709,0.6197696709,0.9990407269,0.7974731561,0.8093672565,0.3035206589,0.7816362203,0.0003479502102
1,0.4249012821,0.4646205844,0.473472884,0.6047507171,0.6047507171,0.9987076043,0.7940507513,0.8061735156,0.2982383291,0.7792154422,0.0004403437688
1,0.4943694243,0.5424116877,0.54927994,0.6215641621,0.6215785756,0.9992540271,0.7973972072,0.8093168701,0.30294179,0.781563378,0.0001635100024
1,0.393262809,0.4495747928,0.4369612934,0.5986753917,0.5987474596,0.9989261041,0.7971351903,0.8090715783,0.3031699537,0.7813111668,0.0001253499594
1,0.4302637352,0.495638901,0.4825740136,0.60222834,0.60222834,0.9989563775,0.7972018704,0.8091690961,0.3032231275,0.7813854126,0.0001509056245
1,0.4464973431,0.4954753598,0.4937630494,0.6064731403,0.6064226927,0.9989066921,0.7972823846,0.8092067232,0.3034677268,0.7814516584,0.0002679297564
1,0.4721883684,0.5173353685,0.5044702607,0.6012986639,0.6012986639,0.9989702431,0.7973854482,0.8092875757,0.3035146164,0.7815437288,0.0001221121376
1,0.4609272169,0.5167357174,0.5134643182,0.5975799594,0.5975799594,0.9989754427,0.7971422457,0.8090868114,0.3030790749,0.781351588,5720000000
1,0.4078389314,0.4536633232,0.4547352642,0.5502817856,0.5502817856,0.991888007,0.7884077054,0.8008626355,0.3026440169,0.7723727583,0.006391229018
1,0.39199532,0.4564435238,0.4547888003,0.6036696983,0.6036696983,0.9990087203,0.7972108625,0.809177559,0.3031293483,0.7814244303,0.0001216495916
1,0.4831570224,0.5483536851,0.5371272552,0.6250738696,0.6244540855,0.9990588678,0.7974420295,0.8093637412,0.3034283299,0.7816269571,0.0004049590017
1,0.4452786038,0.4746511121,0.4923175759,0.5863229507,0.5863229507,0.9987542854,0.7970423639,0.8089702848,0.30336718,0.7811403594,9790000000
1,0.2782138156,0.2931203663,0.3055302746,0.6059902852,0.6059902852,0.9987052933,0.7967013546,0.8086490879,0.3028736309,0.7808696218,0.0004624303391
1,0.3301808609,0.3253379852,0.3534450452,0.5799089062,0.5799089062,0.9970913297,0.792719086,0.8045499546,0.2992923781,0.7768804188,0.001659268051
1,0.4814020377,0.5091583079,0.5400182023,0.5921676588,0.5921676588,0.9988104413,0.7971292417,0.8091064712,0.3034015013,0.7813531318,0.0001355259709
1,0.1023253547,0.1215111208,0.1122115745,0.5858761297,0.5858761297,0.9987860608,0.7969170274,0.8088633928,0.3030819753,0.781085061,5900000000
1,0.480914542,0.546936328,0.5290968467,0.5967223511,0.5967079376,0.9989846865,0.7973915352,0.809314787,0.3034952805,0.7815727815,3400000000
1,0.2428216253,0.1199302224,0.2129664329,0.589566007,0.589566007,0.9981550574,0.7960482493,0.8078953755,0.3028837822,0.7802582519,0.0007495557535
1,0.5198167016,0.484627126,0.5029177151,0.6264359532,0.6264359532,0.9990684583,0.7974640256,0.8091204023,0.3034464573,0.7814060443,0.0004271612085
1,0.2586652367,0.1905800262,0.2902189625,0.5983294657,0.5983294657,0.9989713986,0.7945367414,0.8066456112,0.2985353771,0.7795920046,7320000000
1,0.5059718227,0.4622764937,0.5314524332,0.5609045965,0.5608613557,0.9982838926,0.7964606422,0.8084415534,0.3033347924,0.7806087089,0.0001600409076
1,0.3742017257,0.4333296991,0.4187054982,0.5984159472,0.5984880151,0.998870757,0.7971938467,0.8091330315,0.3033882078,0.781367167,0.0001765769262
1,0.4510310535,0.5083406018,0.4985812945,0.6000158549,0.6004122285,0.9989940459,0.7973352306,0.8092644006,0.3033773314,0.7815228165,8400000000
1,0.4074001852,0.4426515482,0.4380855506,0.6093486502,0.609319823,0.9987860608,0.7971064155,0.8089961941,0.3034126194,0.7812297631,0.0004351401266
1,0.4732121094,0.5442651548,0.5285079501,0.5977457156,0.5977889563,0.9989655057,0.7973958238,0.8093257236,0.3035426535,0.7815674482,7040000000
1,0.3874128601,0.4446140427,0.4307511109,0.5932198504,0.5932198504,0.9988386348,0.797232167,0.8091651902,0.3035223507,0.7814130618,0.0001241935945
1,0.4779895676,0.5383231574,0.5296322073,0.616966229,0.616930195,0.9991903606,0.797472741,0.8093612674,0.3032069337,0.7816176939,0.0001525245355
1,0.3244771608,0.3515045792,0.3442368435,0.585205898,0.5846365615,0.9986018786,0.7965394963,0.8084247579,0.3028074054,0.780568007,0.0002234097062
1,0.4204163214,0.4917684256,0.4680657423,0.5884417475,0.5885138154,0.9987912605,0.7971324235,0.8090713179,0.3034471824,0.7811862542,9610000000
1,0.3978940184,0.3039686001,0.3637775041,0.5934288473,0.5934288473,0.9986905033,0.7968670865,0.8085532627,0.3031943653,0.7809420431,0.000275793038
1,0.335543314,0.3725468818,0.3753948284,0.5967007308,0.5967007308,0.998864633,0.797102542,0.8090457993,0.3032417383,0.7812917984,0.0001540278099
1,0.4558085117,0.4934038378,0.5046844049,0.5965998357,0.5965998357,0.9989440139,0.797232997,0.8091592012,0.3033031298,0.7814133425,7300000000
1,0.4685808999,0.4651657218,0.4983671503,0.5889318093,0.5892921489,0.9986922365,0.7968294579,0.8087386637,0.3031249977,0.7810179731,0.0002077987795
1,0.4857894993,0.495856956,0.5211735104,0.5914541864,0.5914613932,0.9988054728,0.7971890048,0.8091270424,0.3035163083,0.7813253423,0.0001291659637
1,0.1264563935,0.1066288705,0.1124257187,0.5939765635,0.5939765635,0.9987210078,0.7968233709,0.8087424394,0.30305418,0.7809706747,0.0002540533771
1,0.3839516404,0.4135957261,0.4285025965,0.540891336,0.540891336,0.9975171212,0.7953133847,0.8073618268,0.3029342973,0.7797225312,0.000607091593
1,0.3678155316,0.4089620584,0.4107286257,0.5938756684,0.5938396345,0.9988277734,0.7971510995,0.8090913683,0.3034034349,0.7813500441,0.0001448925269
1,0.4975381465,0.5411578718,0.5434445099,0.5989636634,0.5989636634,0.9989859575,0.797380883,0.8093073657,0.303474011,0.7815663254,6890000000
1,0.3881928533,0.1329590057,0.208362332,0.6029490192,0.6029490192,0.998646942,0.7968968297,0.8082883111,0.3033374511,0.7806470248,0.0004721438046
1,0.4670209136,0.4852267771,0.5100915467,0.6003689877,0.6003689877,0.9989719763,0.7972401907,0.8091440983,0.3032574487,0.7814548865,0.0001053448459
1,0.4370886755,0.4665285652,0.4702071845,0.5952809928,0.5952809928,0.9988876269,0.7972242816,0.8091355052,0.3034060936,0.7813894828,0.0001082357583
1,0.4492760688,0.4901875273,0.5006692007,0.5996555154,0.5996483086,0.9989695498,0.7971760008,0.8091163662,0.3031503761,0.7813594476,9620000000
1,0.2998098767,0.2960095944,0.3451469565,0.6064371063,0.6068478935,0.9984517827,0.7956362714,0.8077651781,0.3015433201,0.7802482869,0.0007298975495
1,0.4249012821,0.468436546,0.473472884,0.5873030744,0.5873030744,0.998730136,0.7970675418,0.8090127291,0.3034616843,0.7812471667,0.0001378387007
1,0.4692146444,0.5225141736,0.5184967075,0.6001599908,0.6001599908,0.9989720919,0.7973331555,0.8092684367,0.303419387,0.7815240796,0.0001019913876
1,0.3439769902,0.3951700829,0.3846030301,0.5980267804,0.6008806699,0.9988975639,0.7969832925,0.8089334389,0.302964268,0.7811664647,0.0001881405756
1,0.4978793936,0.5599651112,0.5640558916,0.6090964125,0.6090964125,0.9990675339,0.7974602904,0.8094470675,0.3034423484,0.7817027468,0.0001498648961
1,0.3952127919,0.4150130833,0.4274854114,0.5928667176,0.5928955448,0.9987171947,0.7966716114,0.808604951,0.3027970123,0.7808679376,0.0002405239073
1,0.4305562326,0.470508068,0.4720274105,0.5952665792,0.5952665792,0.9989225221,0.7972628786,0.8091963074,0.3034002928,0.7814450619,7300000000
1,0.4483498269,0.4463584823,0.4899619894,0.5964989406,0.5964989406,0.9989421651,0.7972635703,0.8091844594,0.3033606542,0.781519448,7320000000
1,0.4440111149,0.5011447885,0.4854649607,0.5936954986,0.5936954986,0.9988786142,0.7972150128,0.8091189702,0.3034087523,0.7813682898,9180000000
1,0.4137863794,0.4718709115,0.4643717544,0.6009743582,0.6009887718,0.9988888979,0.7971668703,0.8091151944,0.3033031298,0.7813621143,0.0001984322235
1,0.4524447911,0.5157544701,0.5080036405,0.6118277865,0.6118494069,0.9989192868,0.7972704873,0.8092190919,0.3034205955,0.7814446408,0.0003423996585
1,0.3315945985,0.3767989533,0.372182665,0.599115006,0.599115006,0.9986647363,0.7964795949,0.8085093862,0.3025712655,0.7806891302,0.0003929328063
1,0.3206259445,0.3027147841,0.3454146368,0.6403883019,0.6403883019,0.9985539265,0.7961345737,0.8081297307,0.3022002577,0.7804541822,0.001166078405
1,0.3560181348,0.4031836023,0.3856737513,0.601363525,0.601363525,0.9988589711,0.797020091,0.8089330484,0.3031092873,0.7811507454,0.0002345108096
1,0.4369424268,0.4909507196,0.4824134054,0.6079865665,0.6079505326,0.9989205578,0.7972649537,0.8091870634,0.3034082689,0.781435097,0.0002785683138
1,0.4183688393,0.4636938509,0.4566625622,0.5970322432,0.5970322432,0.9988434878,0.7972230365,0.8091349844,0.3034962473,0.7813800793,0.000180508567
1,0.418515088,0.4339838639,0.4614272713,0.6127502558,0.6127502558,0.9988642863,0.7969023633,0.8088572735,0.3028922417,0.7812537632,0.0004117815548
1,0.196802028,0.2110226777,0.2214251298,0.5980556076,0.5980556076,0.9989334991,0.7961442576,0.8081487395,0.3014234374,0.7803884978,0.0001068481204
1,0.3376395457,0.2543065853,0.3784463836,0.5908416091,0.5908416091,0.9988693704,0.7969430354,0.8088968535,0.3029529081,0.7813402195,5530000000
1,0.3400282748,0.3446358482,0.3802130735,0.5814655732,0.5814655732,0.9983717085,0.7962921435,0.8082828428,0.3028567119,0.7807333408,0.0004027619083
1,0.4921756935,0.5443196686,0.5333261952,0.6181049021,0.6181049021,0.9990833639,0.7974558635,0.8093383527,0.3034012596,0.7815983254,0.0002786839503
0,0.3909228294,0.4457043175,0.4361582526,0.6199498407,0.6199498407,0.9989931215,0.797011929,0.8089603898,0.3028144146,0.7811800788,0.000398483358
0,0.5083605518,0.5709223724,0.5590770384,0.6017382782,0.6017166578,0.9990089514,0.7974488081,0.8093615278,0.303544587,0.7816214834,9000000000
0,0.4885194755,0.5451373746,0.5432839017,0.603612044,0.603612044,0.9989607683,0.7974135313,0.8093380923,0.3035835006,0.7815981851,0.0001687136446
0,0.4956856628,0.5509158308,0.5429626854,0.5992086943,0.5992086943,0.999000632,0.7974035708,0.8093203855,0.3034829538,0.781574185,5820000000
0,0.4824745283,0.5675425207,0.5381979763,0.614025858,0.614025858,0.998978447,0.7975349943,0.8094596966,0.303758974,0.7816294834,0.0003181159947
0,0.4444011115,0.5497165286,0.4989560469,0.623711786,0.623711786,0.9989753272,0.7974428595,0.8093891297,0.3036045284,0.7813732021,0.0004766536279
0,0.4911519524,0.5515699956,0.5433909738,0.6081307024,0.6081379092,0.9990448866,0.7974288871,0.8093443418,0.3034348557,0.7816091325,0.0001571499952
0,0.4740408521,0.5333078936,0.523689705,0.6005779847,0.6005779847,0.9989670078,0.797368294,0.8092992935,0.303491655,0.7815508867,0.00011378631
0,0.5067030663,0.5758286088,0.5698377857,0.604685856,0.604685856,0.9990529749,0.7975139665,0.8094563115,0.3035663399,0.781709624,9370000000
0,0.5138205041,0.5710859137,0.558755822,0.621773159,0.621773159,0.9990968829,0.7975067728,0.8093955093,0.303461926,0.781652501,0.0003237821829
0,0.488909472,0.5602376799,0.5402858825,0.6065235878,0.6065235878,0.9989964723,0.7978772486,0.8097611035,0.3043194738,0.7819339052,0.000179814748
0,0.5359528104,0.5904382904,0.5809197495,0.6184508281,0.6184508281,0.9991188369,0.7975882553,0.8094607382,0.3035586056,0.7817266065,0.0002487340984
0,0.5040705894,0.55980157,0.5586487499,0.5983438793,0.5983438793,0.9989886151,0.7974120096,0.8093340562,0.3035228341,0.7815879395,5630000000
0,0.4873982353,0.5437200174,0.5336474115,0.6362588103,0.6362516035,0.9990416513,0.7974435512,0.8093404359,0.3034670017,0.7815986061,0.0006113701433
0,0.485253254,0.5455734845,0.5346645966,0.6221767394,0.6222560141,0.999065454,0.7975217136,0.8094057949,0.3035537716,0.7816543256,0.0003630985909
0,0.5045580851,0.5644897514,0.553027464,0.6074460572,0.6074460572,0.999029981,0.797465824,0.809370902,0.3035305685,0.7816293431,0.0001609659995
0,0.5120167699,0.5636720454,0.5690347449,0.6189336831,0.6189336831,0.9990586368,0.7974443813,0.8093671263,0.3034329221,0.7816248518,0.0003166127203
0,0.49485692,0.5481356302,0.5404464907,0.6095071996,0.6095071996,0.9990523972,0.7974132546,0.8093231196,0.3033915916,0.7815956588,0.0001717201935
0,0.5099692878,0.5613824684,0.5525991755,0.6029562259,0.6029562259,0.9990247814,0.7974171282,0.8093311918,0.3034561252,0.7815911675,94100000
0,0.4449861064,0.5036524204,0.4955297393,0.6117629254,0.6118061661,0.9989250642,0.7970462374,0.8089926787,0.3030167166,0.7812485702,0.0003359240148
0,0.5192804563,0.5636175316,0.5686064564,0.6265440551,0.6265440551,0.9990993094,0.7975121681,0.8094028004,0.3034662766,0.7816727116,0.000398020812
0,0.5474089602,0.5930549498,0.5924835377,0.6097378169,0.6097378169,0.9991117885,0.7975712395,0.8094487601,0.3035433785,0.7816997994,0.0001157521304
0,0.5008531175,0.563944614,0.5505648054,0.6020265498,0.6022932011,0.9989823756,0.7975028993,0.8094000662,0.3036949238,0.7816362203,0.0001259281419
0,0.4760883342,0.5444832098,0.5296857433,0.618868822,0.618868822,0.9990140355,0.7973803296,0.8093071053,0.303414553,0.7815382551,0.0003602076785
0,0.5058743236,0.5707043175,0.5598265432,0.6011689416,0.6011761484,0.9989999388,0.7974395393,0.8093585333,0.3035472457,0.7816199395,9040000000
0,0.4863744942,0.5447557785,0.5405000268,0.6034751149,0.6034751149,0.9989435517,0.7974149147,0.8093383527,0.3036219307,0.7815984658,0.0001837463888
0,0.4943694243,0.5509158308,0.5485839713,0.5991077992,0.5991077992,0.9989953169,0.7973927803,0.8093176513,0.3034749778,0.7815761499,6190000000
0,0.4751620923,0.5645442652,0.5250281064,0.6142780957,0.6142780957,0.9989733629,0.7975197768,0.8094438126,0.3037430219,0.7815514481,0.0003272512778
0,0.4629259494,0.5163541212,0.5171047701,0.6227028352,0.6225298722,0.9989973967,0.7972450326,0.8091901881,0.3032124927,0.7814720093,0.0004354870361
0,0.4789158095,0.541321413,0.529310991,0.6070424768,0.6070064429,0.9990173864,0.7974039858,0.8093171305,0.3034486326,0.7815699745,0.0001665165512
0,0.4810607907,0.5394679459,0.5308635366,0.6008806699,0.6008806699,0.9989754427,0.7973879383,0.8093156984,0.3035083322,0.7815726412,0.0001102015787
0,0.4862282455,0.5480266027,0.5441404786,0.5984447744,0.5984447744,0.9989531421,0.7974044009,0.8093433002,0.3035837423,0.7815330621,9340000000
0,0.5078243065,0.571631051,0.549226404,0.6253261073,0.6253261073,0.9991357068,0.7975416346,0.8094133464,0.3034416233,0.7816360799,0.000342052749
0,0.4891532199,0.5626907981,0.5415172118,0.6044119979,0.6044119979,0.9989708209,0.7978960629,0.8097986003,0.3044057603,0.781950186,0.0001714889205
0,0.5111880271,0.5668883559,0.5590770384,0.61817697,0.61817697,0.9990774709,0.7975218519,0.8094091801,0.3035288766,0.7816765011,0.0002856221399
0,0.5230341735,0.5758831225,0.5764227207,0.6003473674,0.6003473674,0.9990272079,0.7974465947,0.8093619184,0.3035025314,0.7816216237,4980000000
0,0.5088480476,0.5534234627,0.5529203919,0.6357183009,0.6357183009,0.9990621032,0.7974810415,0.8093651734,0.3034897214,0.781655308,0.0005824610198
0,0.4889582216,0.54900785,0.5389474811,0.6243171565,0.6242883293,0.9990981539,0.7975467532,0.8094301418,0.3035288766,0.7816832379,0.0003628673179
0,0.5021206064,0.5635085041,0.5458536324,0.6088657951,0.6088657951,0.999048353,0.797465409,0.8093637412,0.3034911716,0.7816103956,0.0001653601863
0,0.523082923,0.5633449629,0.5723539804,0.620944378,0.620944378,0.9991017359,0.7974748162,0.8093711624,0.3033957005,0.7816422554,0.0003056272534
0,0.4933456832,0.5505342346,0.539804058,0.6102062584,0.6102062584,0.9990228171,0.7974286104,0.809341217,0.3034802951,0.7816016939,0.0002124242393
0,0.5056305757,0.5597470563,0.5491728679,0.6045633405,0.6045633405,0.9990307899,0.7974146381,0.8093315824,0.303439448,0.7815828868,0.000114017583
0,0.4695558914,0.527202355,0.5225119118,0.6194021246,0.61952464,0.9990451177,0.7972699339,0.8092032079,0.3031566603,0.7815073778,0.0003396243826
0,0.5237166675,0.5615460096,0.568178168,0.6264143329,0.6264143329,0.9991330492,0.7975261405,0.8093961603,0.3034201121,0.7816710274,0.0003621734989
0,0.5219129333,0.5648713476,0.568178168,0.6092909958,0.6092405483,0.9990979228,0.7974981957,0.8093866559,0.3034447654,0.7816443606,0.0001217652281
0,0.5031930971,0.5596925425,0.5506718775,0.6035904236,0.6030715346,0.9990014409,0.7975127214,0.8093979831,0.3036717207,0.7816595186,0.0001193368617
0,0.4822307805,0.5443196686,0.5364312865,0.6180832817,0.6180832817,0.9990036363,0.7973887684,0.8093150474,0.3034508079,0.7815740447,0.0003580105851
0,0.4885194755,0.5501526385,0.5403394186,0.6007365341,0.6007581545,0.9989965879,0.7974093811,0.8093297597,0.3035015646,0.7815880798,8720000000
0,0.4764783308,0.5334169211,0.5278119814,0.6046354084,0.6046354084,0.9989599594,0.7973933336,0.8093130944,0.3035501461,0.7815712377,0.0001859434822
0,0.4881294789,0.5189162669,0.5474597141,0.5979475057,0.5979475057,0.9989739406,0.7973599936,0.8092921326,0.3034626511,0.7815778342,6450000000
0,0.4691658948,0.5478630615,0.516141121,0.6104729097,0.6104729097,0.9989812201,0.7974472864,0.80936296,0.3035999361,0.7815085007,0.0002583319274
0,0.4822795301,0.5529328391,0.5401252744,0.6190489918,0.6190201646,0.999049393,0.7974171282,0.8093573615,0.3034046434,0.7815987465,0.0003272512778
0,0.4641934383,0.5267662451,0.5150703999,0.6059326309,0.6058749766,0.9989816823,0.797349203,0.8092719521,0.3034273631,0.781527027,0.0001839776618
0,0.4758933359,0.5405582207,0.5287756304,0.6007365341,0.6007365341,0.9989741717,0.7973998356,0.8093236404,0.303531777,0.7815760096,0.0001090452138
0,0.4735046068,0.5145006542,0.5279725895,0.5951224434,0.5951224434,0.9989146649,0.7972931751,0.8092296379,0.3034699021,0.781479869,7860000000
0,0.5035343441,0.5539686001,0.5514749184,0.6203966618,0.6203966618,0.9990798974,0.797471081,0.8093675169,0.3034353391,0.7816401501,0.0003188098137
0,0.4783308146,0.5459005669,0.53027464,0.6041021058,0.6041021058,0.9989969345,0.7976090064,0.8095257067,0.3038496111,0.7817713785,0.0001404983401
0,0.4963681568,0.5490623637,0.5455324161,0.6124259502,0.612397123,0.9990339096,0.7974309622,0.8093386131,0.3034612009,0.7815979044,0.00023647663
0,0.5448252328,0.5881487135,0.5892178382,0.600635639,0.600635639,0.9990386471,0.7974688675,0.809370902,0.3035172751,0.7816343957,4300000000
0,0.5200604495,0.5697230702,0.5630922426,0.6367849061,0.6367849061,0.999083826,0.7975215752,0.8094024098,0.3035150998,0.7816683607,0.0005777199236
0,0.4888119729,0.5463911906,0.5377696879,0.6239856441,0.6239063694,0.9990430379,0.7975568521,0.8094270171,0.303661811,0.7816822555,0.0004120128278
0,0.5323940916,0.5806803314,0.5742812784,0.6088657951,0.6088657951,0.9990722713,0.7975066345,0.809394598,0.3035131662,0.7816710274,0.000141423432
0,0.525032906,0.5663977322,0.5763691846,0.6193300566,0.6193300566,0.9990655696,0.7974912787,0.8093921242,0.3035005978,0.781660501,0.0003160345378
0,0.4895432165,0.5472634104,0.5358959259,0.6075397455,0.6075397455,0.999009067,0.7974161598,0.8093285879,0.3034873044,0.7815894833,0.0001833994793
0,0.5125530152,0.5648168338,0.5588628942,0.6039003157,0.6039003157,0.9990343718,0.797439816,0.8093557991,0.3034757029,0.7816175536,9960000000
0,0.481938283,0.5469908417,0.5361100701,0.6188111676,0.6187679269,0.9989382365,0.7974370492,0.8093604863,0.3036719624,0.7816266764,0.0004344463076
0,0.5401452737,0.5823157436,0.5825793672,0.6255999654,0.6255999654,0.9991432173,0.7976087297,0.8094656857,0.3035431369,0.7817334837,0.0003389305636
0,0.5230341735,0.563126908,0.5701590021,0.6071649923,0.6071505787,0.9990748134,0.7974934921,0.8093844426,0.3034848874,0.7816638695,0.0001113579436
0,0.5059230732,0.5634539904,0.5520102789,0.6028697444,0.602711195,0.9989716297,0.7975865953,0.8094518848,0.3038633879,0.781717624,0.0001433892524
0,0.4806220446,0.4870802442,0.5346110605,0.6178670779,0.6178670779,0.9990218927,0.7972422658,0.8091770382,0.3031566603,0.7815802201,0.0003362709243
0,0.4800857992,0.5415939817,0.5346110605,0.597904265,0.597904265,0.9989729007,0.7973893217,0.8093163493,0.3035160666,0.7815790973,6490000000
0,0.4746745966,0.5347797645,0.5278119814,0.6052912265,0.6052912265,0.9989678166,0.7973913969,0.8093166097,0.3035303268,0.7815744657,0.0001886031216
0,0.4644859357,0.5242040994,0.5204775416,0.5962611165,0.5962611165,0.9989554531,0.7973671873,0.8092977311,0.3035138913,0.7815555183,5610000000
0,0.4893482182,0.5520606193,0.5399111301,0.6062136958,0.6062136958,0.9989573018,0.7974731561,0.8093899109,0.3036949238,0.7816437992,0.0002139275137
0,0.4776970702,0.5417030092,0.5323090101,0.6198633592,0.6200579426,0.9990131111,0.7973933336,0.8093231196,0.3034389646,0.7815823254,0.000380212792
0,0.4631696973,0.5372328827,0.5150168639,0.6015509016,0.6016085559,0.9989444761,0.7973902901,0.8093149172,0.3035769747,0.7815386762,0.0001528714449
0,0.4685808999,0.5291648495,0.5222442315,0.5988988022,0.5988988022,0.9989598439,0.7973698157,0.8092990331,0.303509299,0.7815643604,9400000000
0,0.4766733291,0.512047536,0.5314524332,0.5924991712,0.5924991712,0.9988803474,0.7973161396,0.8092496883,0.303581567,0.7815120094,7090000000
0,0.5216204358,0.5759376363,0.5668933026,0.6204543161,0.6204543161,0.999115486,0.7975340259,0.8094188147,0.3034703855,0.7816798695,0.000284003229
0,0.50514308,0.563126908,0.5614326249,0.6027832629,0.6027832629,0.9989815668,0.7978898376,0.8097842786,0.3043724058,0.782308643,0.0001344852424
0,0.4886169746,0.5429568251,0.5422131806,0.6096729558,0.6096873694,0.9990040985,0.7974071677,0.8093292389,0.303481987,0.7815906061,0.0002228315238
0,0.5129917613,0.5659616223,0.5641629638,0.5967800055,0.5967800055,0.998991966,0.7974179582,0.8093367903,0.3035262179,0.7815953781,2790000000
0,0.5298591137,0.5860226777,0.5799561004,0.6376064803,0.6376064803,0.9990985005,0.7975481366,0.809442771,0.3035308102,0.7817093433,0.0005763322856
0,0.4741871009,0.53281727,0.5240644574,0.6205263841,0.6203822482,0.9990255902,0.797426397,0.809322729,0.3034706272,0.7815769921,0.0003729276928
0,0.4968069029,0.5707043175,0.543551582,0.6028481241,0.6028481241,0.9990049073,0.7974578003,0.8093662149,0.3035687569,0.7816039395,0.0001122830356
0,0.5268853898,0.5715220235,0.5718186198,0.6195750876,0.6195678808,0.9990921454,0.797536516,0.8094158201,0.3035238009,0.7816727116,0.0002932541485
0,0.4842782626,0.5481901439,0.5355747096,0.6051831246,0.6051831246,0.9989738251,0.79742031,0.8093472061,0.3035682735,0.7816134834,0.0001808554765
0,0.5138205041,0.565416485,0.5586487499,0.6026823679,0.6026823679,0.9990176175,0.7974464564,0.8093572313,0.3035223507,0.7816188167,9690000000
0,0.4834007702,0.5496075011,0.5376090797,0.615928451,0.6159212442,0.9988784986,0.7975082945,0.8094267567,0.3039213956,0.7816859046,0.0004484383234
0,0.5384390387,0.5832969908,0.5825793672,0.6229190389,0.6229190389,0.9991247298,0.7975805083,0.8094511036,0.3035325021,0.781720431,0.0003144156269
0,0.5027056013,0.5552769298,0.5533486803,0.6057524611,0.6056587728,0.9990425757,0.7974666541,0.8093716832,0.3035054318,0.781633694,0.0001196837712
0,0.4960269098,0.5554949847,0.5448899834,0.6010896669,0.6009022903,0.9989499068,0.7975582355,0.8094369121,0.303859279,0.7817033082,0.0001361041533
0,0.4961244089,0.5828063672,0.5599336153,0.6073235417,0.6073235417,0.9990571346,0.7976624058,0.8096310363,0.3038172234,0.7818202207,0.0001318256031
0,0.522741676,0.5914195377,0.5892713743,0.6061200075,0.6061200075,0.9990646452,0.7976056862,0.8095605996,0.3037024164,0.7818377646,0.0001049979365
0,0.4463023449,0.5315089403,0.4995449435,0.5957710546,0.5957710546,0.9988949063,0.7973237484,0.8092860134,0.3035646481,0.781419518,0.0001088139408
0,0.438746161,0.5045246402,0.4975105734,0.5956629528,0.5957710546,0.9989059989,0.7972343804,0.8092002133,0.3033853075,0.7814489917,97700000
0,0.5032418466,0.5491713912,0.5595053268,0.6038931089,0.6038931089,0.999001672,0.7974212784,0.8093456438,0.303511716,0.7816125009,0.0001324037855
0,0.4541997758,0.5227322285,0.5089137534,0.5950647891,0.5950647891,0.9989169759,0.7973313571,0.8092744258,0.303531777,0.7815254832,7540000000
0,0.4793545556,0.5348342782,0.5329514428,0.5985744966,0.5985744966,0.9989701276,0.7973918119,0.8093171305,0.3035262179,0.7815795184,7860000000
0,0.5507239312,0.5824792848,0.5865945714,0.6046426152,0.6046426152,0.9991188369,0.7975485516,0.8094211582,0.3034889963,0.7817035889,2710000000
0,0.5011943645,0.5413759267,0.5451576637,0.6014644201,0.6014644201,0.9989789092,0.797406476,0.809324682,0.3035334689,0.7815790973,0.0001160990399
0,0.485594501,0.5703772351,0.54167782,0.6032372908,0.6033598063,0.9990793197,0.7974972273,0.809422981,0.303481987,0.7815809219,4600000000
0,0.4794520548,0.5519515918,0.5352534932,0.6003689877,0.6004482624,0.9989686255,0.7974605671,0.8094009776,0.3036494844,0.7816329922,0.0001100859422
0,0.484229513,0.5466092455,0.5355747096,0.6054065351,0.6054065351,0.9990072182,0.7974391243,0.8093507214,0.3035310519,0.7816032377,0.000151021261
0,0.3849266319,0.4104884431,0.4295733176,0.5862652964,0.5862652964,0.9986842637,0.7968197741,0.8087795457,0.303124756,0.7809720782,0.0001670947337
0,0.4793545556,0.5322721326,0.5314524332,0.6066821372,0.6067469984,0.9989953169,0.7973620687,0.809283149,0.303421804,0.7815013427,0.0001845558443
0,0.450397309,0.5040340166,0.5069864554,0.5946395883,0.5946395883,0.9989055367,0.7972930368,0.8092391423,0.3034887546,0.7814913778,8010000000
0,0.5171842246,0.5517880506,0.5711761872,0.6063073841,0.6063073841,0.9990074493,0.797445073,0.8093572313,0.3035412033,0.7816103956,0.0001652445498
0,0.4926631892,0.5505342346,0.5424273248,0.6040228311,0.6040228311,0.9989682788,0.79745282,0.8097400115,0.3036364326,0.7816172729,0.0001677885527
0,0.5000731244,0.6078826864,0.5474597141,0.6133123856,0.6133123856,0.999125192,0.7980367551,0.809861746,0.3043286583,0.7817615539,0.0001599252711
0,0.5047530834,0.5818796337,0.5761015044,0.605132677,0.605132677,0.9990402647,0.7975593422,0.8095641149,0.3036722041,0.7818412734,0.0001134394005
0,0.5276166334,0.5945268208,0.5891643022,0.6028697444,0.6028697444,0.9989722074,0.7977113784,0.8097254294,0.3040801918,0.7819223964,0.0001454707093
0,0.5329790864,0.5884757959,0.5857915306,0.6053560876,0.6053560876,0.9990718091,0.7975138282,0.8094194656,0.303526943,0.7816802906,8570000000
0,0.5242041632,0.579317488,0.5737459179,0.6056443592,0.6056443592,0.9990357584,0.7974663774,0.809373506,0.3035192087,0.7816350975,0.0001262750513
0,0.5065080681,0.5638355866,0.5550082981,0.611914268,0.611914268,0.9991048556,0.7975269705,0.8094142578,0.3034805368,0.7816880099,0.0001577281777
0,0.5307366061,0.5972525076,0.5811338937,0.6104224621,0.6104224621,0.999072618,0.7975272472,0.8094280587,0.3035484542,0.7816794485,0.0001660540052
0,0.470287135,0.5278020061,0.5233149526,0.6003761945,0.6003401606,0.9989644658,0.7973689857,0.8092964292,0.3034981809,0.7815556587,0.0001125143086
0,0.5163067323,0.5864587876,0.5736388458,0.6058029087,0.6057884951,0.9990853282,0.797653137,0.8095626827,0.3037415717,0.7818126418,790000000
0,0.5083118023,0.5710859137,0.5632528508,0.6058173222,0.6058317358,0.9990729646,0.797575528,0.8094819604,0.3036323237,0.7817378346,9200000000
0,0.4772095744,0.5448648059,0.5280796617,0.6019761023,0.6019833091,0.9990235104,0.7974490848,0.8093521536,0.3035146164,0.7816179746,7980000000
0,0.4681421538,0.5345617096,0.5209593661,0.5984952219,0.5985384626,0.9989634258,0.7973807446,0.8093074959,0.3035209006,0.7815414832,8460000000
0,0.5085555501,0.5637265591,0.5648589325,0.6035327693,0.6035327693,0.999005485,0.7974815948,0.8094009776,0.3036091207,0.7816631677,0.00012269032
0,0.4886657242,0.5580571304,0.5371807913,0.6019184479,0.6019184479,0.9990304432,0.7975078795,0.8094100914,0.3036028365,0.7816405712,719000000
0,0.4695558914,0.524912778,0.5225119118,0.5977168884,0.5977168884,0.998956493,0.797362207,0.8092900495,0.3035030148,0.7815442902,7840000000
0,0.5001218739,0.55440471,0.5421061085,0.6004554692,0.6004554692,0.9990624498,0.7974627805,0.8093600957,0.3034568503,0.7816084307,1630000000
0,0.5670550383,0.5958351505,0.6028695326,0.6043975843,0.6043975843,0.9990704226,0.7975067728,0.8093965509,0.3035172751,0.7816743958,7160000000
0,0.4633646956,0.4944941125,0.51330371,0.5987042189,0.5987258392,0.9990131111,0.797219578,0.8091469626,0.3031353908,0.7814741146,3790000000
0,0.4928581875,0.5512429132,0.5406606349,0.6015941423,0.6015941423,0.999012649,0.7975676426,0.809431574,0.303744472,0.781699659,8450000000
0,0.4932481841,0.5503706934,0.5426950051,0.6055722913,0.6055722913,0.9990380693,0.7974611204,0.8093637412,0.3035051901,0.7816355185,0.0001228059565
0,0.479890801,0.5354339294,0.5338615558,0.5981420891,0.5981420891,0.9989081943,0.7973851715,0.8093116622,0.303644167,0.78158415,0.0001335601505
0,0.5466777166,0.5999781945,0.6002998019,0.6128583577,0.6129088053,0.999101967,0.7976365362,0.8095251859,0.3036780048,0.7818074488,0.0001765769262
0,0.4793545556,0.5578935892,0.5267412602,0.5932991251,0.5932991251,0.9988897067,0.797471911,0.8093750684,0.3038341423,0.7815232375,7440000000
0,0.5207429435,0.5622001744,0.5775469779,0.6063866588,0.6063866588,0.9990013253,0.7974832549,0.8094001964,0.3036207222,0.7816637291,0.0001727609219
0,0.4806220446,0.5435564762,0.5324696183,0.6039003157,0.6039003157,0.9989901172,0.7974236302,0.8093853539,0.3035399948,0.7815974833,0.0001439674349
0,0.4853507532,0.5423026603,0.5411424594,0.6004266421,0.6004266421,0.9989589195,0.7974409227,0.8093744174,0.3036354658,0.7815694131,0.0001194524982
0,0.5288841223,0.5874945486,0.5791530596,0.6059686649,0.6059686649,0.9991073977,0.7976482951,0.8095232329,0.3036871894,0.7817795189,5980000000
0,0.4888119729,0.5435019625,0.5362171422,0.6035543897,0.6035471829,0.9990190041,0.7974218318,0.8093363997,0.3034766697,0.7815994483,0.0001093921232
0,0.5276166334,0.5760466638,0.5717650838,0.6049525072,0.6049525072,0.9990652229,0.7975128598,0.8094011078,0.3035387863,0.7816613431,8570000000
0,0.5171842246,0.5761556912,0.5653942931,0.6040156243,0.6039867972,0.99902871,0.7974892036,0.8093905618,0.3035740743,0.781652501,0.0001068481204
0,0.5200116999,0.5800806803,0.5668933026,0.6098819528,0.6098819528,0.9990987316,0.797600706,0.8094753203,0.3036221724,0.7817452732,0.0001312474206
0,0.5295666163,0.5835695595,0.5750307832,0.6092333415,0.6092333415,0.9990809374,0.7975015159,0.8093968113,0.3034860959,0.7816609221,0.0001385325197
0,0.4803782967,0.5468273005,0.5336474115,0.6007509477,0.6007581545,0.998974865,0.7974081361,0.8093321032,0.3035448287,0.7815868166,0.0001086983043
0,0.5464827183,0.6152965547,0.5945714439,0.6049525072,0.6049813344,0.999088679,0.7977647778,0.8096250473,0.3039298551,0.7818693437,6270000000
0,0.5295666163,0.6018316616,0.5863268912,0.6033670131,0.6033670131,0.99904454,0.7977192638,0.8096172354,0.3039426652,0.7818609226,8110000000
0,0.4691658948,0.5571849106,0.5210129022,0.6003834013,0.6003834013,0.9990220083,0.7974865751,0.8094026702,0.3035832589,0.7815750271,5560000000
0,0.4455223517,0.501253816,0.4925317201,0.6006428458,0.600635639,0.9989969345,0.7972760209,0.8092089365,0.3032680835,0.7814576935,8490000000
0,0.5079705553,0.5630723942,0.5650730767,0.6029273988,0.6029273988,0.9989898862,0.7974933538,0.8094146483,0.3036622944,0.7816985362,0.0001287034177
0,0.5022181056,0.5658525949,0.5472455699,0.6013346978,0.6013346978,0.9990399181,0.797510923,0.8093998058,0.3035880928,0.7816461852,5300000000
0,0.4837420173,0.5382686437,0.5329514428,0.5978898514,0.5978898514,0.9989770604,0.7973893217,0.809315438,0.3035073654,0.781573764,6060000000
0,0.4653146785,0.5156454427,0.5115905562,0.5937819801,0.5937819801,0.9989605372,0.7973537682,0.8092770298,0.3034798117,0.7815409218,1110000000
0,0.5334178326,0.5784997819,0.5739600621,0.5989492498,0.5989492498,0.9990034052,0.7974529584,0.8093599655,0.3035631979,0.7816200799,5120000000
0,0.4962219081,0.5475359791,0.5460142406,0.5951945113,0.5950647891,0.9989672389,0.7974070293,0.8093330146,0.3035588473,0.7815979044,2510000000
0,0.4965631551,0.5592019189,0.5464960651,0.6022859943,0.6022859943,0.999042229,0.7975594805,0.8094464165,0.3036683369,0.7817141152,6600000000
0,0.4983181397,0.5623637157,0.5496011564,0.6050461955,0.6050461955,0.9990273235,0.7975067728,0.809410482,0.3036071871,0.7816725712,0.0001250030499
0,0.4602447229,0.5094308766,0.507575352,0.5956052984,0.5956052984,0.9988358617,0.7972377006,0.8091374582,0.3035378195,0.7814168513,0.0001653601863
0,0.5210841905,0.5862407327,0.5737994539,0.612743049,0.6126277404,0.9990946875,0.797608453,0.8095022712,0.3036439253,0.7817343258,0.0001792365656
0,0.5261541462,0.5884757959,0.5868622517,0.5995041727,0.5995041727,0.99899809,0.7975060811,0.809430272,0.3036673701,0.7816807116,6550000000
0,0.5206941939,0.5394679459,0.5682852401,0.6054353623,0.6054353623,0.9989965879,0.7973959621,0.8093250726,0.3034781198,0.7816397291,0.0001621223645
0,0.4839857651,0.546936328,0.5355211735,0.6041021058,0.6041021058,0.9990044451,0.7974309622,0.8093474665,0.3035228341,0.7816063255,0.0001328663315
0,0.5076293082,0.5459005669,0.559665935,0.6029922599,0.6029418124,0.9990333319,0.7974568319,0.809361007,0.3035076071,0.7816272378,8530000000
0,0.5501876859,0.6288159616,0.6110605493,0.6031436025,0.6031436025,0.9990728491,0.7977249357,0.8096314269,0.3038931169,0.7818735542,4900000000
0,0.4813045386,0.5583842128,0.5332726591,0.602747229,0.6027328154,0.9990207373,0.7974659624,0.809380797,0.3035499044,0.7815861149,9460000000
0,0.5274703846,0.5777911034,0.5740671342,0.6037994206,0.6037994206,0.9990513573,0.7974919704,0.8093903014,0.3035312936,0.7816530624,8110000000
0,0.4929556866,0.5517335369,0.5422131806,0.6043831707,0.6044192047,0.9990300966,0.7974446579,0.8093521536,0.3034931052,0.781613343,0.0001121673991
0,0.5145517477,0.5788813781,0.5667326945,0.6081162888,0.6081162888,0.9990544771,0.7975377611,0.8094397764,0.3036045284,0.7817075187,0.0001472052567
0,0.5190367084,0.5796445704,0.5706408266,0.6066821372,0.6066244829,0.9990356429,0.7974904486,0.8093983737,0.303561506,0.7816637291,0.0001422328875
0,0.5019256082,0.5626907981,0.5488516516,0.6023868894,0.6023724758,0.999009067,0.7974417528,0.8093512422,0.303531777,0.7816115185,0.0001004881132
0,0.4963194072,0.5541321413,0.546388993,0.6008518428,0.6008518428,0.9989800646,0.7975348559,0.8094525358,0.3037553485,0.7817026064,0.0001049979365
0,0.4722858675,0.5330353249,0.5301140318,0.5945314865,0.5945314865,0.9989118918,0.7973352306,0.809285102,0.3035491793,0.7814795883,7200000000
0,0.4794520548,0.527202355,0.536913111,0.6036192508,0.6036192508,0.9989574174,0.797341871,0.8092888777,0.3034655515,0.781527027,0.0001721827394
0,0.4529322868,0.5106301788,0.5136249264,0.5872021793,0.5872021793,0.9987927626,0.7971668703,0.8091621957,0.3035042233,0.7814081495,737000000
0,0.4278262565,0.4965111208,0.478184057,0.5961313942,0.5970682771,0.9989426273,0.7969063752,0.8088779749,0.3027356208,0.7810433767,8190000000
0,0.4697021401,0.5394679459,0.5241179935,0.6090603785,0.6090603785,0.998968741,0.7974140847,0.8093488987,0.3035680318,0.7816047816,0.0002481559159
0,0.4387949105,0.4949847362,0.4956368114,0.5851194165,0.5851194165,0.9986077715,0.7970805458,0.809069365,0.3037403632,0.781297272,0.0002253755266
0,0.4649734315,0.5589293502,0.5178542749,0.5996555154,0.5996555154,0.9989648124,0.7976855087,0.8095995286,0.3040504629,0.7814868866,0.0001011819322
0,0.4874957344,0.5449738334,0.539804058,0.5944305914,0.5944305914,0.9989291083,0.797427227,0.8093429096,0.303673896,0.7815990272,5310000000
0,0.511090528,0.5704317488,0.5682852401,0.607763156,0.607763156,0.9991114418,0.7975398362,0.8094578739,0.3034894797,0.7817243608,8450000000
0,0.480232048,0.5370693415,0.5340221639,0.5944233846,0.5944233846,0.9989189402,0.7973923652,0.8093175211,0.303634499,0.7815760096,6310000000
0,0.4680934042,0.5252398604,0.5192462123,0.5935657764,0.5935657764,0.9989230999,0.7973407642,0.8092526828,0.3035354025,0.7814753778,4530000000
0,0.4964656559,0.5511338857,0.5515819905,0.6024085098,0.6023508554,0.9990372605,0.7974760612,0.8093940772,0.3035329855,0.7816366413,7180000000
0,0.4936869302,0.5584932403,0.5603083677,0.602574266,0.602574266,0.9989949702,0.7974154681,0.8093792347,0.3035158249,0.7816363606,0.0001178335873
0,0.4690196461,0.5287287396,0.5214411906,0.6033598063,0.6033598063,0.9990280167,0.7973391042,0.809266614,0.3033127978,0.7815146761,9740000000
0,0.4901282114,0.5617095508,0.5526527116,0.6022715807,0.6022715807,0.9990108002,0.7974670691,0.8094192053,0.3035726241,0.781678887,9700000000
0,0.589138595,0.6460968164,0.6327426522,0.6161806887,0.6161806887,0.9992316109,0.797801853,0.8096385878,0.3036956489,0.7819072385,9920000000
0,0.4804757958,0.5322176188,0.5267412602,0.6009167039,0.6009167039,0.9990113779,0.7973825431,0.8093041108,0.3034237376,0.7815440095,7480000000
0,0.4584897382,0.5050152638,0.5019540661,0.6002464723,0.6002464723,0.9990124179,0.7972551315,0.8091426661,0.3031987159,0.7813879389,630000000
0,0.4697508897,0.5233318796,0.5285079501,0.6029057784,0.6029057784,0.9989757894,0.7973183531,0.8092667442,0.3033857909,0.7815340446,0.0001422328875
0,0.4923219422,0.5476995203,0.5432303657,0.6043399299,0.6043399299,0.9990548237,0.7974923854,0.8093874371,0.3035247677,0.7816579747,8640000000
0,0.4409886413,0.502071522,0.4872851866,0.5987402528,0.5987402528,0.9989756738,0.7971043404,0.8090694952,0.303012366,0.781262886,7570000000
0,0.4881782284,0.5387047536,0.542641469,0.6025238184,0.6025238184,0.9989671233,0.7973901518,0.809315438,0.3035296017,0.7815717991,0.0001448925269
0,0.5284453761,0.5717400785,0.5782964827,0.6122025397,0.6122025397,0.9991397509,0.7975657058,0.8094490204,0.3034752195,0.7817386767,0.0001274314163
0,0.5149417443,0.5752289577,0.5606831201,0.6057812883,0.6057812883,0.9990667251,0.7975167333,0.8094076177,0.3035424118,0.7816539045,9750000000
0,0.4970994004,0.5568033144,0.5493334761,0.6035471829,0.6035832168,0.9990087203,0.7974280571,0.8093453834,0.3035088156,0.7816035184,0.0001202619537
0,0.5178667187,0.5685782817,0.5684458483,0.6101341905,0.610184638,0.999103238,0.7975127214,0.8094099612,0.3034590256,0.7816731326,0.0001315943301
0,0.4911519524,0.5529328391,0.5413566037,0.6082243907,0.6082243907,0.9990779331,0.7975758047,0.8094559209,0.3036221724,0.7816891327,0.0001253499594
0,0.5289816214,0.5745202791,0.5811874297,0.6061416279,0.6061416279,0.9990845193,0.797529599,0.8094279285,0.3035276681,0.7816927818,8550000000
0,0.4843757617,0.5612189272,0.5355211735,0.6029850531,0.6029850531,0.9990400336,0.7975114764,0.8094182939,0.3035890596,0.7816200799,7930000000
0,0.5440939892,0.6099542085,0.5834359441,0.6017526917,0.6017526917,0.9990072182,0.797575943,0.8094501922,0.3037703338,0.781696852,924000000
0,0.5424852533,0.5927823812,0.5840783768,0.6032877384,0.6032877384,0.9990505484,0.7974958439,0.8093893901,0.3035397531,0.7816532028,737000000
0,0.501486862,0.5561491496,0.5565073077,0.6094279249,0.6093846841,0.9990347185,0.7974164365,0.8093379621,0.3034341306,0.781597764,0.0001873311201
0,0.5268366402,0.5781726995,0.5806520692,0.6054930166,0.6054930166,0.9990297499,0.7974488081,0.809364262,0.3035010812,0.7816268167,0.0001298597827
0,0.4873007361,0.5513519407,0.5391616254,0.5998284784,0.5998284784,0.9989719763,0.7973926419,0.8093162192,0.3035238009,0.7815746061,968000000
0,0.5041680885,0.5545682512,0.5595053268,0.6029634327,0.6029634327,0.9990621032,0.7974360808,0.8093560595,0.3034114109,0.7816167115,5700000000
0,0.5072393117,0.555440471,0.5573638846,0.6009455311,0.6009455311,0.9990088359,0.797432069,0.8093434304,0.3035155832,0.7816039395,7780000000
0,0.4740896017,0.5263301352,0.5221906954,0.5972988945,0.5972988945,0.9989693187,0.7973263768,0.8092614061,0.3034135862,0.7815153779,5890000000
0,0.5246916589,0.5824792848,0.5694094973,0.6117268914,0.611705271,0.9990953808,0.7975309824,0.8094136068,0.3035073654,0.7816794485,0.0001638569119
0,0.5535514064,0.5925098125,0.5978371433,0.6025021981,0.6025021981,0.9990563258,0.7974963973,0.8093918638,0.3035286349,0.7816590975,5530000000
0,0.5401452737,0.5723942433,0.5891107661,0.6021346517,0.6021346517,0.9990686894,0.7975261405,0.8094134766,0.3035547384,0.7816590975,3710000000
0,0.4916394482,0.542357174,0.5396434499,0.600152784,0.600152784,0.9990045606,0.797401634,0.8093280671,0.3034713523,0.7815856938,693000000
0,0.5246916589,0.5727213258,0.5676963435,0.6087360729,0.6087360729,0.99905933,0.7974908636,0.8093896505,0.3035126828,0.7816537642,0.0001522932625
0,0.4860332472,0.5377235063,0.5340757,0.5978970582,0.5978970582,0.9989363878,0.7973895984,0.8093158286,0.3035929268,0.7815751675,0.0001014132052
0,0.4675084093,0.5125381596,0.518978532,0.5931333689,0.5931333689,0.9988950219,0.7972814162,0.8092091969,0.3034906882,0.7814475882,6640000000
0,0.4344561985,0.4812472743,0.4987419027,0.5963259776,0.5963259776,0.9987909138,0.7970117906,0.8090412424,0.303237146,0.7812908159,0.0002217907953
0,0.457709745,0.4980920192,0.5166229456,0.5879516857,0.5879516857,0.9988288133,0.7971854079,0.8091519101,0.3034609592,0.7813994477,4950000000
0,0.459659728,0.4969472307,0.5121794529,0.5900704824,0.5900704824,0.9988447588,0.7971198345,0.8090650685,0.3033132812,0.7813601494,6750000000
0,0.421147565,0.4823375491,0.4684404947,0.5931910232,0.5935081221,0.9988790764,0.7967067499,0.8086579414,0.3025197837,0.7808567095,8830000000
0,0.4388436601,0.5387047536,0.4906579581,0.6026175067,0.6025886796,0.9988209561,0.7973815747,0.8093395245,0.3038206072,0.7813289914,0.0002922134201
0,0.4461560961,0.548789795,0.4972964291,0.5939981839,0.5943080759,0.9988602422,0.797445903,0.809370902,0.3038505779,0.7813828863,0.0001200306807
0,0.4622434554,0.5167357174,0.5143208951,0.5991005924,0.5991005924,0.9989524489,0.7970213361,0.8089661185,0.3029159282,0.7814046407,0.000104651027
0,0.4843270121,0.5443196686,0.5361636062,0.5986825985,0.5986825985,0.9989979745,0.7974313772,0.8093455136,0.3035370944,0.7816023956,5230000000
0,0.5193292059,0.5787723506,0.5749237111,0.6072154398,0.6072154398,0.9991072821,0.7975763581,0.8094815698,0.303561506,0.781751589,799000000
0,0.4866182421,0.5449738334,0.5403394186,0.5983078453,0.5983078453,0.9989808735,0.7974265353,0.8093468155,0.3035641647,0.7816127816,6350000000
0,0.4712133769,0.5331443524,0.5243321377,0.5969673821,0.5969673821,0.9989295705,0.7973819897,0.8093085375,0.3035941353,0.7815287112,9330000000